<?xml version="1.0" encoding="UTF-8"?>
<project-private xmlns="http://www.netbeans.org/ns/project-private/1">
    <open-files xmlns="http://www.netbeans.org/ns/projectui-open-files/2">
        <group>
            <file>file:/C:/Users/Laercio/Documents/NetBeansProjects/Trabalho10/src/ConsultaTurma.java</file>
            <file>file:/C:/Users/Laercio/Documents/NetBeansProjects/Trabalho10/src/Estudante.java</file>
            <file>file:/C:/Users/Laercio/Documents/NetBeansProjects/Trabalho10/src/ControleApp.java</file>
            <file>file:/C:/Users/Laercio/Documents/NetBeansProjects/Trabalho10/src/Turma.java</file>
            <file>file:/C:/Users/Laercio/Documents/NetBeansProjects/Trabalho10/src/CriaTurma.java</file>
        </group>
    </open-files>
</project-private>
