<?xml version="1.0" encoding="UTF-8"?>
<project-private xmlns="http://www.netbeans.org/ns/project-private/1">
    <editor-bookmarks xmlns="http://www.netbeans.org/ns/editor-bookmarks/2" lastBookmarkId="0"/>
    <open-files xmlns="http://www.netbeans.org/ns/projectui-open-files/2">
        <group>
            <file>file:/C:/Users/Laercio/Documents/NetBeansProjects/TestaVeiculo/src/testaveiculo/TestaVeiculo.java</file>
            <file>file:/C:/Users/Laercio/Documents/NetBeansProjects/TestaVeiculo/src/testaveiculo/Motocicleta.java</file>
            <file>file:/C:/Users/Laercio/Documents/NetBeansProjects/TestaVeiculo/src/testaveiculo/Carro.java</file>
            <file>file:/C:/Users/Laercio/Documents/NetBeansProjects/TestaVeiculo/src/testaveiculo/Veiculo.java</file>
        </group>
    </open-files>
</project-private>
