[
  {
    "name": "Blau",
    "count": 6
  },
  {
    "name": "ASAI3",
    "count": 7
  },
  {
    "name": "Tenda",
    "count": 8
  },
  {
    "name": "LOG Commercial Properties",
    "count": 3
  },
  {
    "name": "MRFG3",
    "count": 2
  },
  {
    "name": "Navi Long Short XP Seg FIC FIM",
    "count": 1
  },
  {
    "name": "Orizon Valorização De Resíduos",
    "count": 9
  },
  {
    "name": "Quantitas FIC FIM Mallorca",
    "count": 8
  },
  {
    "name": "RENT3",
    "count": 7
  },
  {
    "name": "Quality",
    "count": 5
  }
]
