[
    {
        "name": "S\u00e3o Carlos",
        "link": "https://www.btgpactualdigital.com/blog/area_de_analises/18622",
        "publication_date": "2021-11-14",
        "category": "A\u00e7\u00f5es",
        "source": "BTG Pactual Digital",
        "ticker": "SCAR3",
        "target_price": 4200.0,
        "segment": "Propriedades",
        "recommendation": "NEUTRO",
        "description": "<strong>Resultado 3T21</strong><br />\r\n<br />\r\n<strong>O FFO foi de R$ 17 milh\u00f5es (-13% a/a), em linha com nossas expectativas</strong><br />\r\n<br />\r\nComo esperado, a S\u00e3o Carlos reportou resultados fracos no 3T21, ficando em linha com nossas estimativas. A receita l\u00edquida totalizou R$ 61 milh\u00f5es (+ 2% a/a; 2% abaixo de nossas proje\u00e7\u00f5es), uma vez que as adi\u00e7\u00f5es de ABL compensaram a maior vac\u00e2ncia no segmento de escrit\u00f3rios. O Ebitda ajustado ficou em R$ 43 milh\u00f5es (-8% a/a; em linha com nossa proje\u00e7\u00e3o) com uma margem de 67% (-770 bps a/a; +130 bps acima de n\u00f3s). O FFO totalizou R$ 17 milh\u00f5es (-13% a/a; correspondendo \u00e0s nossas expectativas) e o LPA foi de R$ 0,30/a\u00e7\u00e3o (exatamente nossa proje\u00e7\u00e3o).<br />\r\n<br />\r\n<strong>Escrit\u00f3rios enfrentam maior vac\u00e2ncia; Best Center continua aumentando as vendas</strong><br />\r\n<br />\r\nVimos resultados mistos nos segmentos de escrit\u00f3rios e varejo (Best Center), mais uma vez, uma vez que: (i) os escrit\u00f3rios registraram um aumento na taxa de vac\u00e2ncia de 410 bps t/t para 26,7%, refletindo o t\u00e9rmino de alugu\u00e9is em alguns edif\u00edcios no Rio; e (ii) Best Center apresentou crescimento de SSS de +9,3% a/a e SSR de +20,0% a/a, enquanto reduzia sua taxa de vac\u00e2ncia para 8,9% (-440 bps a/a; -120 bps t/t). Por outro lado, a empresa est\u00e1 programada para executar os trabalhos de retrofit na propriedade multifamiliar GO850 recentemente adquirida.<br />\r\n<br />\r\n<strong>A S\u00e3o Carlos tem atuado em fus\u00f5es e aquisi\u00e7\u00f5es</strong><br />\r\n<br />\r\nA S\u00e3o Carlos tem se envolvido em muitas fus\u00f5es e aquisi\u00e7\u00f5es no setor recentemente, incluindo outros segmentos al\u00e9m de edif\u00edcios de escrit\u00f3rios: (i) em julho, a S\u00e3o Carlos comprou um im\u00f3vel multifamiliar; e (ii) em agosto, adquiriu um grande portf\u00f3lio de varejo. Essas fus\u00f5es e aquisi\u00e7\u00f5es t\u00eam sido cumulativas para a empresa e marcam sua entrada em novos mercados, que consideramos positivos para a empresa.<br />\r\n<br />\r\n<strong>O 3T21 foi quase sem intercorr\u00eancias; Classifica\u00e7\u00e3o neutra (22x P/FFO 2022E)</strong><br />\r\n<br />\r\nEm nossa opini\u00e3o, os resultados trimestrais ficaram em linha com as expectativas (o Ebitda e o FFO ajustados foram semelhantes \u00e0s nossas proje\u00e7\u00f5es e a vac\u00e2ncia de escrit\u00f3rios manteve-se elevada, conforme o esperado). Portanto, esperamos uma rea\u00e7\u00e3o neutra do mercado aos resultados do 3T21 e mantemos nosso rating Neutro sobre as a\u00e7\u00f5es devido \u00e0 falta de din\u00e2mica de curto prazo (baixa demanda por escrit\u00f3rios e aumento das taxas de juros) e os m\u00faltiplos de avalia\u00e7\u00e3o um tanto elevados (negociando a 22x P/FFO 2022E).",
        "dividend_yield": 0.9333755373954773,
        "mean_daily_return": -0.006919365841895342,
        "mean_daily_volume": 10781.8564453125,
        "forecast12m": 0.41999998688697815,
        "return12m": -6.688549518585205,
        "price": 36.5
    },
    {
        "name": "Blau",
        "link": "https://www.btgpactualdigital.com/blog/area_de_analises/18614",
        "publication_date": "2021-11-14",
        "category": "A\u00e7\u00f5es",
        "source": "BTG Pactual Digital",
        "ticker": "Blau3",
        "target_price": 4900.0,
        "segment": "Sa\u00fade",
        "recommendation": "COMPRA",
        "description": "<strong>BLAU (BLAU3): Resultado do 3T21, sazonalidade desfavor\u00e1vel</strong><br />\r\n<br />\r\n<strong>\u00a0</strong><br />\r\n<br />\r\n<strong>EBITDA em linha com nossas expectativas reduzidas; Lucro por a\u00e7\u00e3o uma surpresa positiva</strong><br />\r\n<br />\r\nComo esperado, o BLAU reportou resultados operacionais modestos no terceiro trimestre, refletindo a sazonalidade desfavor\u00e1vel de alguns medicamentos biol\u00f3gicos. Mais precisamente, a empresa registrou receita l\u00edquida de R$ 320 milh\u00f5es (em linha), crescendo apenas 5,5% a / a nas vendas de imunoglobulina e alfaepoetina. No terceiro trimestre, o canal privado representou impressionantes 89% da receita. Refletindo um mix de produtos menos lucrativo, a margem bruta caiu 150 pontos base para 48,2%. Al\u00e9m disso, gra\u00e7as ao aumento das despesas com P&amp;D (+ 83% a / a), o EBITDA foi de R$ 108 milh\u00f5es (-4% a / a; 5% abaixo de n\u00f3s em maior despesas de P&amp;D), produzindo uma margem fraca de 33,7% (-330 pontos base a / a; &#8211; 680 pontos base t / t). Finalmente, melhores resultados financeiros l\u00edquidos (R$ 20 milh\u00f5es vs. -R$ 1,4 milh\u00e3o do ano passado) ajudaram o resultado, refletindo o efeito positivo da marca\u00e7\u00e3o a mercado nos contratos de derivativos. Portanto, o lucro l\u00edquido cont\u00e1bil cresceu 25% a / a para R$ 94 milh\u00f5es, acima de n\u00f3s em 21%.<br />\r\n<br />\r\n<strong>\u00a0</strong><br />\r\n<br />\r\n<strong>Desempenho mais fraco em produtos Biol\u00f3gicos; Convers\u00e3o de Fluxo de caixa mais forte</strong><br />\r\n<br />\r\nA receita de produtos biol\u00f3gicos totalizou R$ 153 milh\u00f5es no terceiro trimestre, queda de 8% a / a, atingida por din\u00e2mica desfavor\u00e1vel de seus medicamentos mais relevantes (ou seja, menor disponibilidade de imunoglobulina e sazonalidade fraca na procura de alfaepoetina). As receitas de especialidades cresceram s\u00f3lidos 15% a / a para R$ 121 milh\u00f5es, enquanto a oncologia disparou 55% a / a para R$ 19 milh\u00f5es, e outras receitas totalizaram R$ 26,5 milh\u00f5es (+ 45% a / a). A Blau encerrou o terceiro trimestre com R$ 512 milh\u00f5es em caixa l\u00edquido (virtualmente est\u00e1vel t / t), refletindo uma melhor din\u00e2mica de capital de giro, apesar do aumento no capex (+ 41% a / a e 17% t / t para R$ 48 milh\u00f5es) e maior RD&amp;I (8% da receita l\u00edquida consolidada, vs. 4% h\u00e1 um ano) em R$ 25 milh\u00f5es. Estimamos que a convers\u00e3o de EBITDA para fluxo de caixa atingiu um s\u00f3lido 56% no 3\u00ba trimestre, bem acima dos \u00faltimos trimestres<br />\r\n<br />\r\n&nbsp;<br />\r\n<br />\r\n<strong>Mais detalhes em RD&amp;I; Mercado endere\u00e7\u00e1vel de R$ 7,6 bilh\u00f5es em 2025</strong><br />\r\n<br />\r\nComo mencionado acima, o alto RD&amp;I (dobrando a / a) foi um dos destaques do terceiro trimestre. Parte desse efeito est\u00e1 relacionado ao pedido de registro de Blau para oito novos produtos no terceiro trimestre (4 no Brasil, 2 no Chile, 1 no Peru e 1 na Rep\u00fablica Dominicana). A empresa publicou, pela primeira vez, o mercado endere\u00e7\u00e1vel esperado para cada um de seus medicamentos em desenvolvimento. Mais especificamente, Blau v\u00ea um mercado consolidado (Biol\u00f3gicos + Especialidades + Oncol\u00f3gico) por seus 45 medicamentos em desenvolvimento de R$ 7,6 bilh\u00f5es em 2025 (&gt; 5x as receitas consolidadas da Blau em 2021E).<br />\r\n<br />\r\n<strong>\u00a0</strong><br />\r\n<br />\r\n<strong>Continuamos COMPRADORES; mix de produtos deve melhorar no quarto trimestre</strong><br />\r\n<br />\r\nApesar de um terceiro trimestre mais fraco, esperamos uma forte recupera\u00e7\u00e3o no quarto trimestre, uma vez que o mix de produtos deve melhorar com a demanda por imunoglobulina e alfaepoetina sendo normalizada. Somos compradores da Blau com base em: (i) fortes perspectivas de crescimento do mercado hospitalar farmac\u00eautico brasileiro; (ii) enormes barreiras de entrada; (iii) altos retornos; (iv) gera\u00e7\u00e3o de fluxo de caixa s\u00f3lida; e (v) grande grade de novos medicamentos em desenvolvimento.<br />\r\n<br />\r\n&nbsp;",
        "dividend_yield": 0.13810385763645172,
        "mean_daily_return": -0.011398428119719028,
        "mean_daily_volume": 377312.78125,
        "forecast12m": 0.41999998688697815,
        "return12m": -5.78519868850708,
        "price": 38.619998931884766
    },
    {
        "name": "Blau",
        "link": "https://www.btgpactualdigital.com/blog/area_de_analises/18611",
        "publication_date": "2021-11-14",
        "category": "A\u00e7\u00f5es",
        "source": "BTG Pactual Digital",
        "ticker": "blau3",
        "target_price": 4900.0,
        "segment": "",
        "recommendation": "COMPRA",
        "description": "<strong>BLAU (BLAU3): Resultado do 3T21, sazonalidade desfavor\u00e1vel</strong><br />\r\n<br />\r\n<strong>\u00a0</strong><br />\r\n<br />\r\n<strong>EBITDA em linha com nossas expectativas reduzidas; Lucro por a\u00e7\u00e3o uma surpresa positiva</strong><br />\r\n<br />\r\nComo esperado, o BLAU reportou resultados operacionais modestos no terceiro trimestre, refletindo a sazonalidade desfavor\u00e1vel de alguns medicamentos biol\u00f3gicos. Mais precisamente, a empresa registrou receita l\u00edquida de R$ 320 milh\u00f5es (em linha), crescendo apenas 5,5% a / a nas vendas de imunoglobulina e alfaepoetina. No terceiro trimestre, o canal privado representou impressionantes 89% da receita. Refletindo um mix de produtos menos lucrativo, a margem bruta caiu 150 pontos base para 48,2%. Al\u00e9m disso, gra\u00e7as ao aumento das despesas com P&amp;D (+ 83% a / a), o EBITDA foi de R$ 108 milh\u00f5es (-4% a / a; 5% abaixo de n\u00f3s em maior despesas de P&amp;D), produzindo uma margem fraca de 33,7% (-330 pontos base a / a; &#8211; 680 pontos base t / t). Finalmente, melhores resultados financeiros l\u00edquidos (R$ 20 milh\u00f5es vs. -R$ 1,4 milh\u00e3o do ano passado) ajudaram o resultado, refletindo o efeito positivo da marca\u00e7\u00e3o a mercado nos contratos de derivativos. Portanto, o lucro l\u00edquido cont\u00e1bil cresceu 25% a / a para R$ 94 milh\u00f5es, acima de n\u00f3s em 21%.<br />\r\n<br />\r\n<strong>\u00a0</strong><br />\r\n<br />\r\n<strong>Desempenho mais fraco em produtos Biol\u00f3gicos; Convers\u00e3o de Fluxo de caixa mais forte</strong><br />\r\n<br />\r\nA receita de produtos biol\u00f3gicos totalizou R$ 153 milh\u00f5es no terceiro trimestre, queda de 8% a / a, atingida por din\u00e2mica desfavor\u00e1vel de seus medicamentos mais relevantes (ou seja, menor disponibilidade de imunoglobulina e sazonalidade fraca na procura de alfaepoetina). As receitas de especialidades cresceram s\u00f3lidos 15% a / a para R$ 121 milh\u00f5es, enquanto a oncologia disparou 55% a / a para R$ 19 milh\u00f5es, e outras receitas totalizaram R$ 26,5 milh\u00f5es (+ 45% a / a). A Blau encerrou o terceiro trimestre com R$ 512 milh\u00f5es em caixa l\u00edquido (virtualmente est\u00e1vel t / t), refletindo uma melhor din\u00e2mica de capital de giro, apesar do aumento no capex (+ 41% a / a e 17% t / t para R$ 48 milh\u00f5es) e maior RD&amp;I (8% da receita l\u00edquida consolidada, vs. 4% h\u00e1 um ano) em R$ 25 milh\u00f5es. Estimamos que a convers\u00e3o de EBITDA para fluxo de caixa atingiu um s\u00f3lido 56% no 3\u00ba trimestre, bem acima dos \u00faltimos trimestres<br />\r\n<br />\r\n&nbsp;<br />\r\n<br />\r\n<strong>\u00a0</strong><br />\r\n<br />\r\n<strong>Mais detalhes em RD&amp;I; Mercado endere\u00e7\u00e1vel de R$ 7,6 bilh\u00f5es em 2025</strong><br />\r\n<br />\r\nComo mencionado acima, o alto RD&amp;I (dobrando a / a) foi um dos destaques do terceiro trimestre. Parte desse efeito est\u00e1 relacionado ao pedido de registro de Blau para oito novos produtos no terceiro trimestre (4 no Brasil, 2 no Chile, 1 no Peru e 1 na Rep\u00fablica Dominicana). A empresa publicou, pela primeira vez, o mercado endere\u00e7\u00e1vel esperado para cada um de seus medicamentos em desenvolvimento. Mais especificamente, Blau v\u00ea um mercado consolidado (Biol\u00f3gicos + Especialidades + Oncol\u00f3gico) por seus 45 medicamentos em desenvolvimento de R$ 7,6 bilh\u00f5es em 2025 (&gt; 5x as receitas consolidadas da Blau em 2021E).<br />\r\n<br />\r\n<strong>\u00a0</strong><br />\r\n<br />\r\n<strong>Continuamos COMPRADORES; mix de produtos deve melhorar no quarto trimestre</strong><br />\r\n<br />\r\nApesar de um terceiro trimestre mais fraco, esperamos uma forte recupera\u00e7\u00e3o no quarto trimestre, uma vez que o mix de produtos deve melhorar com a demanda por imunoglobulina e alfaepoetina sendo normalizada. Somos compradores da Blau com base em: (i) fortes perspectivas de crescimento do mercado hospitalar farmac\u00eautico brasileiro; (ii) enormes barreiras de entrada; (iii) altos retornos; (iv) gera\u00e7\u00e3o de fluxo de caixa s\u00f3lida; e (v) grande grade de novos medicamentos em desenvolvimento",
        "dividend_yield": 0.13810385763645172,
        "mean_daily_return": -0.011398428119719028,
        "mean_daily_volume": 377312.78125,
        "forecast12m": 0.41999998688697815,
        "return12m": -5.78519868850708,
        "price": 38.619998931884766
    },
    {
        "name": "Orizon Valoriza\u00e7\u00e3o De Res\u00edduos",
        "link": "https://www.btgpactualdigital.com/blog/area_de_analises/orizon-valorizacao-de-residuos",
        "publication_date": "2021-11-14",
        "category": "A\u00e7\u00f5es",
        "source": "BTG Pactual Digital",
        "ticker": "ORVR3",
        "target_price": 3000.0,
        "segment": "Servi\u00e7os B\u00e1sicos",
        "recommendation": "COMPRA",
        "description": "<strong>Vencedora do leil\u00e3o da Estre</strong><br />\r\n<br />\r\nOntem, o cons\u00f3rcio formado pela Jive e Orizon foi o vencedor do leil\u00e3o dos ativos do aterro sanit\u00e1rio da Estre. O leil\u00e3o fez parte do plano de recupera\u00e7\u00e3o judicial da Estre e \u00e9 composto por 7 aterros sanit\u00e1rios &#8211; localizados em SP, AL, SE, RJ e GO &#8211; e uma unidade de recupera\u00e7\u00e3o de res\u00edduos em SP. Os novos aterros ir\u00e3o adicionar cerca de 3,6 milh\u00f5es de toneladas/ano de nova capacidade \u00e0 Orizon, que atualmente administra 4,8 milh\u00f5es. A \u00fanica concorrente a aparecer no leil\u00e3o foi a Solv\u00ed, que apresentou um lance inicial de R$ 752 milh\u00f5es, mas foi superada pela oferta de R$ 840 milh\u00f5es da Jive/Orizon. Vale lembrar que Orizon e Jive foram os stalking horses do leil\u00e3o, onde (i) tiveram o direito de apresentar o lance inicial (R$ 600 milh\u00f5es), (ii) tiveram direito de correspond\u00eancia e (iii) teve o benef\u00edcio de usar a d\u00edvida pendente da Estre como pagamento, que foi adquirida por um haircut significativo para o valor de face.<br />\r\n<br />\r\n<strong>Pre\u00e7o de aquisi\u00e7\u00e3o impl\u00edcito de 5,0x EV/EBITDA</strong><br />\r\n<br />\r\nDa d\u00edvida pendente de R$ 2,1 bilh\u00f5es da Estre, a Orizon e a Jive conseguiram adquiri-la dos detentores de d\u00edvidas por um haircut m\u00e9dio de 82%, o que lhes deu um enorme poder de fogo para participarem do leil\u00e3o. Naturalmente, a Jive, uma das maiores administradoras de ativos em dificuldades, n\u00e3o tem a inten\u00e7\u00e3o de ser uma operadora no neg\u00f3cio de aterros. Quando o cons\u00f3rcio foi desenhado, ele j\u00e1 previa a venda da participa\u00e7\u00e3o da Jive para a Orizon por um valor pr\u00e9-determinado. Embora n\u00e3o saibamos as condi\u00e7\u00f5es exatas da transa\u00e7\u00e3o, estimamos que o pre\u00e7o de aquisi\u00e7\u00e3o impl\u00edcito da Orizon esteja entre 5,0-5,5x EV/EBITDA, o que considerando o EBITDA para o final de 2021 dos ativos da Estre de R$ 114 milh\u00f5es, se traduziria em ~R$ 600 milh\u00f5es.<br />\r\n<br />\r\n<strong>20% de TIR real&#8230; mas h\u00e1 espa\u00e7o para mais</strong><br />\r\n<br />\r\nUsando R$ 600 milh\u00f5es como pre\u00e7o de aquisi\u00e7\u00e3o da Orizon, alcan\u00e7amos uma TIR real de 13% e um VPL de R$ 154 milh\u00f5es (+ 2,2/a\u00e7\u00e3o), considerando o neg\u00f3cio &#8216;como est\u00e1&#8217;. No entanto, esperamos que a Orizon replique a opera\u00e7\u00e3o de g\u00e1s que j\u00e1 realiza em seus pr\u00f3prios aterros. Estimamos uma produ\u00e7\u00e3o mensal adicional de g\u00e1s de 33,2 Nm3/h, onde assumimos um pre\u00e7o de venda de R$ 0,1/Nm3/h. Isso contribuiria com um EBITDA adicional de ~R$ 40 milh\u00f5es e a TIR real apontaria para ~20%, traduzindo-se em um VPL de R$ 408 milh\u00f5es, ou 21% (!) do market cap da empresa (+5,7/a\u00e7\u00e3o). Neste c\u00e1lculo n\u00e3o consideramos (i) qualquer extens\u00e3o potencial da vida \u00fatil dos aterros, (ii) qualquer opcionalidade proveniente da implementa\u00e7\u00e3o potencial de unidades de reciclagem (UTM), e (iii) a venda de cr\u00e9ditos de carbono, onde estimamos pode agregar receitas adicionais de R$ 28 milh\u00f5es/ano.<br />\r\n<br />\r\n<strong>Ainda n\u00e3o \u00e9 o fim da linha</strong><br />\r\n<br />\r\nO neg\u00f3cio ainda precisa de homologa\u00e7\u00e3o judicial e podemos ver a Solv\u00ed apelando da decis\u00e3o. Mesmo assim, o fechamento est\u00e1 previsto para o in\u00edcio do pr\u00f3ximo ano. Este leil\u00e3o foi um grande marco para a Orizon, ao lado do leil\u00e3o que ela ganhou recentemente para sua usina de transforma\u00e7\u00e3o de res\u00edduos em energia. No entanto, n\u00e3o vemos isso como o fim da linha para a Orizon, j\u00e1 que a empresa ainda est\u00e1 em processo de desenvolvimento de novas UTMs, UBMs (unidades de processamento de material) e aterros greenfield, enquanto tamb\u00e9m v\u00ea v\u00e1rias oportunidades de fus\u00f5es e aquisi\u00e7\u00f5es no neg\u00f3cio de aterro.",
        "dividend_yield": 0.0,
        "mean_daily_return": 0.14937029778957367,
        "mean_daily_volume": 418616.125,
        "forecast12m": 0.41999998688697815,
        "return12m": 24.671201705932617,
        "price": 27.489999771118164
    },
    {
        "name": "Tenda",
        "link": "https://www.btgpactualdigital.com/blog/area_de_analises/tenda",
        "publication_date": "2021-11-14",
        "category": "A\u00e7\u00f5es",
        "source": "BTG Pactual Digital",
        "ticker": "TEND3",
        "target_price": 4000.0,
        "segment": "Constru\u00e7\u00e3o civil",
        "recommendation": "COMPRA",
        "description": "<strong>Resultado 3T21</strong><br />\r\n<br />\r\n<strong>Os resultados do 3T21 foram fracos, com ROE de apenas 2%</strong><br />\r\n<br />\r\nConforme esperado, os resultados da Tenda foram fracos (principalmente impactados por alguns estouros de custo contabilizados no terceiro trimestre, uma vez que os custos de materiais de constru\u00e7\u00e3o continuaram aumentando). Por outro lado, a receita l\u00edquida foi s\u00f3lida em R$ 721 milh\u00f5es (+10% a/a; 6% acima de n\u00f3s). A margem bruta foi de 23% no terceiro trimestre (queda de 700 bps a/a e 400 bps abaixo de n\u00f3s), impactada pelos aumentos de custo mencionados, enquanto o Ebitda ajustado foi de R$ 49 milh\u00f5es (-51% a/a; 16% abaixo de n\u00f3s). O lucro l\u00edquido foi de R$ 6 milh\u00f5es (R$ 0,07/a\u00e7\u00e3o), resultando em ROE anualizado de 2% (t\u00ednhamos 4%).<br />\r\n<br />\r\n<strong>O consumo de caixa de R$ 79 milh\u00f5es foi exatamente o que esper\u00e1vamos; D\u00edvida l\u00edquida/Patrim\u00f4nio de 20%</strong><br />\r\n<br />\r\nDurante o 3T21, a Tenda registrou consumo de caixa de R$ 79 milh\u00f5es: (i) R$ 68 milh\u00f5es em suas opera\u00e7\u00f5es locais (Tenda antecipou a compra de materiais de constru\u00e7\u00e3o para mitigar aumentos de custos); e (ii) consumo de caixa de R$ 11 milh\u00f5es nas opera\u00e7\u00f5es offsite (j\u00e1 que a Tenda est\u00e1 investindo para aumentar o estoque de terrenos e construir sua nova f\u00e1brica). Consequentemente, a empresa encerrou o trimestre com d\u00edvida l\u00edquida de ~R$ 300 milh\u00f5es, implicando em um \u00edndice de alavancagem de 20% (que \u00e9 superior \u00e0 meta da Tenda de -10% a +10% d\u00edvida l\u00edquida/Patrim\u00f4nio L\u00edquido).<br />\r\n<br />\r\n<strong>Os resultados foram fracos (como esperado); Classifica\u00e7\u00e3o de compra (8x P/L 2022E)</strong><br />\r\n<br />\r\nOs resultados trimestrais foram fracos (como esperado), uma vez que a margem bruta permaneceu pressionada (a Tenda ent\u00e3o optou por cortar seu guidance de margem em 200 pontos-base \u2013 agora o guidance \u00e9 de margem de 26-28% em 2021 completo) e a empresa registrou queima de caixa no terceiro trimestre (aumentando um pouco a alavancagem ). Dito isso, acreditamos que as a\u00e7\u00f5es da Tenda parecem atrativas (negociadas a 8x P/L 2022E), enquanto a opera\u00e7\u00e3o externa (\u201cAlea\u201d) \u00e9 uma op\u00e7\u00e3o livre no caso de investimento na avalia\u00e7\u00e3o atual. Assim, mantemos nossa classifica\u00e7\u00e3o de compra na a\u00e7\u00e3o.",
        "dividend_yield": 0.7269193530082703,
        "mean_daily_return": -0.17542603611946106,
        "mean_daily_volume": 1274309.25,
        "forecast12m": 0.41999998688697815,
        "return12m": -38.4865837097168,
        "price": 18.809999465942383
    },
    {
        "name": "Armac",
        "link": "https://www.btgpactualdigital.com/blog/area_de_analises/18492",
        "publication_date": "2021-11-14",
        "category": "A\u00e7\u00f5es",
        "source": "BTG Pactual Digital",
        "ticker": "ARML3",
        "target_price": 3000.0,
        "segment": "Loca\u00e7\u00e3o",
        "recommendation": "COMPRA",
        "description": "<strong>ARMAC (ARML3):Segunda aquisi\u00e7\u00e3o p\u00f3s-IPO; neg\u00f3cios de empilhadeiras</strong><br />\r\n<br />\r\n<strong>\u00a0</strong><br />\r\n<br />\r\n<strong>Aquisi\u00e7\u00e3o da Bauko por R$213 milh\u00f5es; acordo positivo</strong><br />\r\n<br />\r\nA Armac anunciou a aquisi\u00e7\u00e3o de 100% da Bauko por R$213 milh\u00f5es (R$107 milh\u00f5es adiantado, e o restante em 18 parcelas mensais de ~R$5 milh\u00f5es e uma \u00faltima parcela de R$13 milh\u00f5es a serem pagos em 60 meses), o que implica um m\u00faltiplo transacional de 4,3x EV/EBITDA. A Bauko \u00e9 uma das maiores empresas de aluguel de empilhadeiras do mercado brasileiro, com ~2,9 mil m\u00e1quinas. Esta \u00e9 a segunda aquisi\u00e7\u00e3o que a Armac anunciou desde seu IPO (em agosto, ela adquiriu a RCB, uma empresa de plataformas de trabalho a\u00e9reo, por ~4,5x EV/EBITDA), e est\u00e1 de acordo com discurso da gest\u00e3o de que eles poderiam explorar oportunidades de fus\u00f5es e aquisi\u00e7\u00f5es em caso de neg\u00f3cios que agreguem valor para consolidar a empresa como uma plataforma de one stop shop. N\u00f3s gostamos do acordo pelas seguintes raz\u00f5es: (i) avalia\u00e7\u00e3o barata (em linha com a RCB &#8211; e consideravelmente inferior a ARML); (ii) assegura o crescimento da frota em um momento de escassez de equipamentos (os fabricantes de equipamentos est\u00e3o tendo problemas para lidar com a crescente demanda de m\u00e1quinas); (iii) d\u00e1 exposi\u00e7\u00e3o Armac ao segmento de varejo, diversificando o risco do mercado final, al\u00e9m de expandir o mercado endere\u00e7\u00e1vel da Armac, acrescentando uma nova gama de clientes; (iv) expande a exposi\u00e7\u00e3o do Armac a m\u00e1quinas el\u00e9tricas, ajudando em suas m\u00e9tricas ESG; e (v) alto potencial para sinergias (principalmente atrav\u00e9s da estrutura de custos mais baixos do Armac). As a\u00e7\u00f5es do ARML3 subiram 32%. desde o IPO e temos uma classifica\u00e7\u00e3o de compra no nome.<br />\r\n<br />\r\n&nbsp;<br />\r\n<br />\r\n<strong>Um breve panorama da Bauko &#8211; a maior empresa de aluguel de empilhadeiras no Brasil</strong><br />\r\n<br />\r\nCom um hist\u00f3rico de +30 anos, a Bauko \u00e9 uma das maiores empresas de aluguel de empilhadeiras no mercado brasileiro. A empresa est\u00e1 focada no aluguel de equipamentos el\u00e9tricos e de combust\u00e3o atrav\u00e9s de contratos de longo prazo. A Bauko tem atualmente um backlog contratado de ~R$600 milh\u00f5es, com s\u00f3lidas rela\u00e7\u00f5es comerciais que, em alguns casos, duram mais de 20 anos. A empresa possui ~2,9 mil m\u00e1quinas com uma m\u00e9dia de idade de 3 anos e tem uma receita bruta anualizada de R$229 milh\u00f5es (+16% a/a) com um EBITDA anualizado de R$58 milh\u00f5es (28,5% de margem bem abaixo dos ~54% da ARML). Finalmente, a empresa tem uma d\u00edvida l\u00edquida de R$41 milh\u00f5es. A assinatura e o fechamento da transa\u00e7\u00e3o j\u00e1 ocorreram. Lembramos que a aquisi\u00e7\u00e3o da Bauko d\u00e1 \u00e0 Armac exposi\u00e7\u00e3o ao segmento de varejo, j\u00e1 que a maioria de suas empilhadeiras s\u00e3o aplicadas em grandes centros de distribui\u00e7\u00e3o e log\u00edstica (enquanto as empilhadeiras da Armac s\u00e3o em sua maioria utilizados na ind\u00fastria de fertilizantes atualmente). O Armac tamb\u00e9m est\u00e1 expandindo sua exposi\u00e7\u00e3o em equipamentos el\u00e9tricos, complementando o portf\u00f3lio de plataformas a\u00e9reas.<br />\r\n<br />\r\n&nbsp;<br />\r\n<br />\r\n<strong>Expandindo o escopo das m\u00e1quinas; tornando-se um fornecedor de portf\u00f3lio completo</strong><br />\r\n<br />\r\nO Armac explicou a aquisi\u00e7\u00e3o usando o seguinte racioc\u00ednio: (i) expans\u00e3o do \u00a0mercado endere\u00e7\u00e1vel, aumentando a exposi\u00e7\u00e3o da empresa no neg\u00f3cio de empilhadeiras, saltando de 103 para 2.997 unidades em tal segmento, e permitindo assim uma escala superior em um mercado final altamente sin\u00e9rgico a Armac; (ii) fortalecimento da plataforma one-stop-shop de um \u00fanico fornecedor de m\u00e1quinas, o que desencadeia um participa\u00e7\u00e3o relevante na carteira de grandes clientes; (iii) capturar sinergias, beneficiando-se da maior escala \u00a0na estrutura de manuten\u00e7\u00e3o interna da Armac, reduzindo os custos operacionais das m\u00e1quinas e prolongando o ciclo de vida do ativo. Lembramos que esta \u00e9 a segunda aquisi\u00e7\u00e3o anunciada pela Armac p\u00f3s-IPO, como a empresa anunciou em agosto a aquisi\u00e7\u00e3o da RCB, uma empresa que fornece plataformas de trabalho a\u00e9reo, com uma frota total de 354 m\u00e1quinas (idade m\u00e9dia da frota de 4 anos, inferior \u00e0 m\u00e9dia da ind\u00fastria). A RCB recebeu um EV de R$43 milh\u00f5es (d\u00edvida l\u00edquida impl\u00edcita de R$17 milh\u00f5es), que de acordo com nossos c\u00e1lculos (assumindo uma margem EBITDA m\u00e9dia da ind\u00fastria de 50%) implica um EV/EBITDA de ~4,5x (para se aproximar a 3x, incluindo sinergias). Al\u00e9m de uma avalia\u00e7\u00e3o barata, a aquisi\u00e7\u00e3o da RCB foi outro movimento destinado a melhorar o perfil do Armac de one stop shop.<br />\r\n<br />\r\n<strong>\u00a0</strong><br />\r\n<br />\r\n<strong>Neg\u00f3cio deve melhorar as principais vantagens competitivas; comprar </strong><br />\r\n<br />\r\nApesar de ter realizado dois neg\u00f3cios p\u00f3s-IPO, a Armac refor\u00e7ou que a aquisi\u00e7\u00e3o de Bauko representa uma oportunidade de alocar capital com altos retornos, explicando que o crescimento org\u00e2nico em equipamentos pesados continua sendo o foco principal da administra\u00e7\u00e3o. Acreditamos que tais aquisi\u00e7\u00f5es tamb\u00e9m se alinham com a inten\u00e7\u00e3o da empresa para assegurar o crescimento da frota em um momento de escassez de equipamentos (as montadoras est\u00e3o tendo problemas lidando com a forte demanda de m\u00e1quinas em expans\u00e3o). Em termos de valuation, a aquisi\u00e7\u00e3o implica em um m\u00faltiplo 4,3x EV/EBITDA (em linha com as aquisi\u00e7\u00f5es da Fendt e da Vamos pela RCB e Monarca), significativamente mais barato do que os atuais 18,5x EV/EBITDA 2022 da Armac (acr\u00e9scimo de valor de aproximadamente R$2,4/ a\u00e7\u00e3o, ou 11% do valor de mercado). Em nossa opini\u00e3o, as vantagens \u00a0econ\u00f4micos do Armac s\u00e3o (i) uma estrutura verticalizada de manuten\u00e7\u00e3o de ve\u00edculos e (ii) uma base de clientes diversificada, mitigando os riscos espec\u00edficos de determinados setores; e (iii) retornos superiores \u00e0 m\u00e9dia, gra\u00e7as \u00e0 sua capacidade de proporcionar servi\u00e7o de aluguel ao longo de todo o ciclo de vida do bem. Riscos-chave para nossa tese de investimento: (i) riscos de execu\u00e7\u00e3o relacionados a fortes expectativas de crescimento; (ii) falta de capital humano \u00e0 medida que a frota da empresa se expande materialmente; e (iii) impacto prov\u00e1vel da listagem do Armac sobre as concession\u00e1rias e locadoras, potencialmente refor\u00e7ando a concorr\u00eancia. Mantemos nossa classifica\u00e7\u00e3o de compra no nome.<br />\r\n<br />\r\n&nbsp;<br />\r\n<br />\r\n<strong>Fa\u00e7a download para conferir o relat\u00f3rio completo.</strong>",
        "dividend_yield": 0.0,
        "mean_daily_return": 0.33342844247817993,
        "mean_daily_volume": 791823.3125,
        "forecast12m": 0.41999998688697815,
        "return12m": 21.863636016845703,
        "price": 26.809999465942383
    },
    {
        "name": "Dimed",
        "link": "https://www.btgpactualdigital.com/blog/area_de_analises/dimed",
        "publication_date": "2021-11-14",
        "category": "A\u00e7\u00f5es",
        "source": "BTG Pactual Digital",
        "ticker": "PNVL3",
        "target_price": 3400.0,
        "segment": "Varejo",
        "recommendation": "COMPRA",
        "description": "<strong>Investor Day</strong><br />\r\n<br />\r\n<strong>Forte plano de expans\u00e3o nas principais regi\u00f5es, com foco digital renovado</strong><br />\r\n<br />\r\nHoje, participamos do Investor Day (virtual) do Grupo Dimed, onde a alta administra\u00e7\u00e3o atualizou sobre as novas iniciativas e a estrat\u00e9gia de longo prazo baseada em: (i) forte expans\u00e3o nas regi\u00f5es core, com +300 novas lojas at\u00e9 2025; (ii) desenvolvimento de plataforma digital s\u00f3lida com novo aplicativo e lan\u00e7amento de mercado de produtos para sa\u00fade em 2022 (espera 80 vendedores e 20 mil SKUs at\u00e9 2022, com potencial para at\u00e9 300 vendedores e +100 mil SKUs at\u00e9 2023); (iii) estrat\u00e9gia de marca pr\u00f3pria, com verticaliza\u00e7\u00e3o da produ\u00e7\u00e3o e expans\u00e3o para novas categorias; (iv) amplia\u00e7\u00e3o dos servi\u00e7os oferecidos nas lojas e parcerias estrat\u00e9gicas para fortalecer o ecossistema de sa\u00fade. Seu plano de crescimento est\u00e1 alinhado com nossas estimativas (~70 inaugura\u00e7\u00f5es/ano), e o forte desempenho das safras recentes (safras de 2019 e 2018 tiveram margem EBITDA de 10,5% e 10,8% no acumulado do ano) suporta estimativas de margem mais altas nos pr\u00f3ximos anos.<br />\r\n<br />\r\n<strong>Fortalecendo a solu\u00e7\u00e3o omnicanal</strong><br />\r\n<br />\r\nA companhia divulgou o estado de suas opera\u00e7\u00f5es omnicanal e digital at\u00e9 o momento, que representaram 16,1% das vendas no varejo no 2T21 (com ligeira queda ap\u00f3s o pico de 17,8% no 2T20) e 42% do market share digital na regi\u00e3o Sul. Tamb\u00e9m registrou +1 milh\u00e3o de usu\u00e1rios ativos em seu aplicativo, representando + 50% das vendas digitais da Panvel em 2021. O s\u00f3lido desempenho foi impulsionado por melhorias na plataforma de CRM, ao atingir 92% das vendas identificadas e +7 milh\u00f5es de clientes alcan\u00e7\u00e1veis (+110% de crescimento \u00faltimos 12 meses), juntamente com um forte n\u00edvel de servi\u00e7o, com click-and-collect habilitado em todas as lojas e entrega de 1h em todas as cidades (140 lojas com recursos de envio da loja mais 9 dark stores).<br />\r\n<br />\r\n<strong>Panvel refor\u00e7ou seu plano de neg\u00f3cios ap\u00f3s cumprir suas metas para 2021</strong><br />\r\n<br />\r\nA PNVL detalhou como atingiu o seu plano de neg\u00f3cio do follow-on, com um crescimento de 20% no acumulado do ano, com maior penetra\u00e7\u00e3o digital e de servi\u00e7os nas vendas (16,1% e 5,4%, respetivamente). J\u00e1 inaugurou 65 lojas em 2021 (inicialmente previa 58 lojas este ano) e lan\u00e7ou o novo CD no Paran\u00e1. Tamb\u00e9m concluiu sua migra\u00e7\u00e3o para os padr\u00f5es de governan\u00e7a do Novo Mercado em 16 de setembro. A administra\u00e7\u00e3o refor\u00e7ou sua expectativa de +800 lojas em 2025, com receita bruta de R$ 6 bilh\u00f5es e margem EBITDA de 7%, impulsionada pelos ganhos log\u00edsticos do novo CD, expans\u00e3o do SSS acima da infla\u00e7\u00e3o (levando \u00e0 dilui\u00e7\u00e3o do SG&amp;A) e melhor produtividade da loja com suas iniciativas digitais, CRM, parcerias e Cl\u00ednica Panvel.<br />\r\n<br />\r\n<strong>Valuation barato + perspectivas s\u00f3lidas para os pr\u00f3ximos trimestres = Comprar</strong><br />\r\n<br />\r\nA recente liquida\u00e7\u00e3o (PNVL caiu 42% no acumulado do ano e 37% nos \u00faltimos 3 meses) abre espa\u00e7o para alta, principalmente devido \u00e0s perspectivas operacionais resilientes para o setor de varejo farmac\u00eautico em 2021, ao mesmo tempo que oferece mais prote\u00e7\u00e3o contra as press\u00f5es inflacion\u00e1rias. Mantemos nossa vis\u00e3o positiva de longo prazo sobre Dimed em resposta \u00e0 sua presen\u00e7a densa de loja e lideran\u00e7a no Sul, sua proposta multicanal avan\u00e7ada e um CAGR 2021-25 de lucro l\u00edquido de 21%, da\u00ed a nossa Compra.",
        "dividend_yield": 0.40540027618408203,
        "mean_daily_return": -0.16610540449619293,
        "mean_daily_volume": 932946.4375,
        "forecast12m": 0.41999998688697815,
        "return12m": -36.3297233581543,
        "price": 13.8100004196167
    },
    {
        "name": "LOG Commercial Properties",
        "link": "https://www.btgpactualdigital.com/blog/area_de_analises/log-commercial-properties",
        "publication_date": "2021-11-14",
        "category": "A\u00e7\u00f5es",
        "source": "BTG Pactual Digital",
        "ticker": "LOGG3",
        "target_price": 4400.0,
        "segment": "Propriedades",
        "recommendation": "COMPRA",
        "description": "<strong>Resultado 3T21</strong><br />\r\n<br />\r\n<strong>O FFO foi de R$ 31 milh\u00f5es (+31% a/a), 31% acima de nossa estimativa</strong><br />\r\n<br />\r\nA LOG relatou resultados s\u00f3lidos no 3T21. A receita l\u00edquida totalizou R$ 37 milh\u00f5es (+2% a/a; 4% abaixo de nossas estimativas) e o EBITDA ajustado foi de R$ 27 milh\u00f5es (-1% a/a; 5% abaixo de n\u00f3s), com s\u00f3lida margem de 72%. O FFO somou R$ 31 milh\u00f5es (+31% a/a), 31% acima de nossa proje\u00e7\u00e3o, explicado por receitas financeiras acima do esperado. O resultado final foi de LPA de R$0,94/a\u00e7\u00e3o (+44% a/a), refletindo o valor justo das propriedades da empresa.<br />\r\n<br />\r\n<strong>Loca\u00e7\u00e3o s\u00f3lida alugada com baixa vac\u00e2ncia de 4,4% apesar da entrega de 114.200m\u00b2</strong><br />\r\n<br />\r\nA LOG conseguiu manter uma s\u00f3lida atividade de loca\u00e7\u00e3o, tendo locado 665,2 mil m\u00b2 durante os 9M21 e encerrado o 3T21 com uma taxa de vac\u00e2ncia de apenas 4,4% para seus im\u00f3veis log\u00edsticos, apesar da entrega de quatro empreendimentos com 114,2 mil m\u00b2 de ABL total (72% de participa\u00e7\u00e3o) que estavam 85% pr\u00e9-alugado. Enquanto isso, a empresa anunciou mais dois contratos built-to-suit com um player de e-commerce totalizando 107,1 mil m\u00b2 de ABL.<br />\r\n<br />\r\n<strong>Bons resultados do 3T21; forte crescimento + bom valuation = classifica\u00e7\u00e3o de compra</strong><br />\r\n<br />\r\nOs resultados do 3T21 foram s\u00f3lidos, com a LOG mantendo alta ocupa\u00e7\u00e3o em suas propriedades e entregando novos empreendimentos com fortes pr\u00e9-loca\u00e7\u00f5es. Apesar do ambiente macro mais dif\u00edcil (por exemplo, taxas de juros mais altas, atividade econ\u00f4mica mais fraca), mantemos nossa vis\u00e3o positiva sobre a LOG, pois ela deve crescer muito por conta da forte demanda por galp\u00f5es (impulsionada pelo e-commerce), por isso nossa classifica\u00e7\u00e3o de compra sobre as a\u00e7\u00f5es (negocia\u00e7\u00e3o a uma TIR real de 10%).",
        "dividend_yield": 1.0817780494689941,
        "mean_daily_return": -0.13267038762569427,
        "mean_daily_volume": 430481.0,
        "forecast12m": 0.41999998688697815,
        "return12m": -32.1507453918457,
        "price": 25.049999237060547
    },
    {
        "name": "TradersClub",
        "link": "https://www.btgpactualdigital.com/blog/area_de_analises/tradersclub",
        "publication_date": "2021-11-14",
        "category": "A\u00e7\u00f5es",
        "source": "BTG Pactual Digital",
        "ticker": "TRAD3",
        "target_price": 1400.0,
        "segment": "",
        "recommendation": "COMPRA",
        "description": "<strong>Iniciando cobertura em TradersClub com pre\u00e7o-alvo de R$ 14 para o final de 2022</strong><br />\r\n<br />\r\nIniciamos a cobertura em TradersClub (TC), plataforma de conte\u00fado voltada para o mercado financeiro, com rating de Compra e pre\u00e7o-alvo de R$ 14. Nossa vis\u00e3o positiva \u00e9 baseada em quatro pilares: (i) exposi\u00e7\u00e3o ao modelo baseado em assinatura, garantindo LTV/CAC atrativo para plataforma (~10x); (ii) crescimento exponencial no n\u00famero de pessoas que investem no mercado de a\u00e7\u00f5es do Brasil (3,2 milh\u00f5es no 1S21), mas ainda com penetra\u00e7\u00e3o insuficiente em rela\u00e7\u00e3o aos mercados maduros; (iii) conte\u00fado educacional (+30 cursos, workshops e +135 horas de conte\u00fado produzido internamente para investidores de varejo e institucionais, tamb\u00e9m impulsionado por aquisi\u00e7\u00f5es recentes), com o TC pronto para desenvolver funcionalidades para usu\u00e1rios iniciantes e B2B, e em cursos presenciais; e (iv) conte\u00fado + plataforma de rede social, permitindo que os usu\u00e1rios interajam e troquem ideias (= mais engajamento).<br />\r\n<br />\r\n<strong>Criando um hub para investidores no mercado financeiro</strong><br />\r\n<br />\r\nO TradersClub, criado em 2015 por empreendedores com experi\u00eancia no mercado financeiro, desenvolveu uma plataforma que conecta + 500 mil usu\u00e1rios cadastrados (investidores do mercado financeiro) no Brasil, oferecendo conte\u00fado educacional, planos de assinatura, intelig\u00eancia de mercado (+300 alertas di\u00e1rios e manchetes e 1,2 mil artigos di\u00e1rios ), an\u00e1lise de dados (informa\u00e7\u00f5es financeiras de todas as empresas listadas no Brasil e an\u00e1lise preditiva) e sua rede social para que investidores interajam e troquem ideias. Com mais de 170 mil usu\u00e1rios ativos (semanalmente), vemos oportunidades para o TC aumentar a monetiza\u00e7\u00e3o, gerando tr\u00e1fego/investidores para corretores e diversificando seu portf\u00f3lio educacional.<br />\r\n<br />\r\n<strong>Em um mercado ainda pouco penetrado, o financial deepening est\u00e1 no auge</strong><br />\r\n<br />\r\nOs cortes nas taxas de juros locais desde 2016 tiveram um grande efeito na aloca\u00e7\u00e3o de capital dos investidores. De acordo com o B3 (bolsa de valores), o n\u00famero de contas de investidores de varejo atingiu 3,2 milh\u00f5es no 1S21 (+ 42% a/a e vs. 620 mil em 2017), com um saldo m\u00e9dio de R$ 10 mil/conta (ou 1,6 milh\u00e3o de pessoas com menos de R$ 10 mil investidos). No 1S21, 1,5 milh\u00e3o de investidores fizeram pelo menos uma negocia\u00e7\u00e3o por m\u00eas. No Brasil, aplicativos como o Trademap (400 mil visitantes \u00fanicos/dia) j\u00e1 oferecem aos investidores um hub (fornecendo informa\u00e7\u00f5es sobre a\u00e7\u00f5es, fundos e carteiras de renda fixa, al\u00e9m de atualiza\u00e7\u00f5es de not\u00edcias do mercado financeiro) &#8211; plataformas como Kinvo e Gorila tamb\u00e9m est\u00e3o ativas aqui, enquanto a Economatica, adquirida recentemente pelo TC, oferece an\u00e1lise de dados e conte\u00fado educacional. Por\u00e9m, em compara\u00e7\u00e3o com os mercados mais maduros, apenas 3% da popula\u00e7\u00e3o investe diretamente em a\u00e7\u00f5es (contra 55% nos EUA, 45% no Jap\u00e3o e 33% no Reino Unido), abrindo caminho para o crescimento no n\u00famero de usu\u00e1rios.<br />\r\n<br />\r\n<strong>Riscos: mercados competitivos e vol\u00e1teis, mas com muitas oportunidades de crescimento</strong><br />\r\n<br />\r\nSim, a competi\u00e7\u00e3o de outras plataformas se intensificar\u00e1, aproveitando o financial deepening do Brasil e mais informa\u00e7\u00f5es sobre os mercados financeiros. O mercado endere\u00e7\u00e1vel e a base de usu\u00e1rios do TC podem sofrer com os mercados financeiros vol\u00e1teis (por exemplo, aumentos recentes nas taxas de juros). Mas a exposi\u00e7\u00e3o a um mercado pouco penetrado, o efeito de rede e seu conte\u00fado (pr\u00f3prio do TC, de seus parceiros e usu\u00e1rios), bem como oportunidades de M&amp;A (como anunciado recentemente pela empresa), s\u00e3o ferramentas valiosas na busca do envolvimento do consumidor (= maior tr\u00e1fego org\u00e2nico + s\u00f3lido unit economics). Nosso pre\u00e7o-alvo implica EV/Vendas de 9,5x em 2022 (46x P/L), oferecendo 76% de potencial de valoriza\u00e7\u00e3o. Portanto, apesar da baixa liquidez das a\u00e7\u00f5es (um ponto de aten\u00e7\u00e3o no mercado vol\u00e1til atual), o caso de investimento \u00e9 inegavelmente atraente.<br />\r\n<br />\r\n&nbsp;",
        "dividend_yield": 0.0,
        "mean_daily_return": -0.7599450349807739,
        "mean_daily_volume": 3231142.0,
        "forecast12m": 0.41999998688697815,
        "return12m": -50.79365158081055,
        "price": 6.199999809265137
    },
    {
        "name": "Irani",
        "link": "https://www.btgpactualdigital.com/blog/area_de_analises/irani",
        "publication_date": "2021-11-14",
        "category": "A\u00e7\u00f5es",
        "source": "BTG Pactual Digital",
        "ticker": "RANI3",
        "target_price": 1100.0,
        "segment": "Papel & Celulose",
        "recommendation": "COMPRA",
        "description": "<strong>Resultado do 3T21</strong><br />\r\n<br />\r\n<strong>Outro trimestre s\u00f3lido, 5% acima das estimativas do BTG; menores custos de papel reciclado (aparas) devem impulsionar os resultados do 4T; Reiteramos a Compra</strong><br />\r\n<br />\r\nA Irani entregou mais um s\u00f3lido trimestre, \u00e0 medida que a empresa continua a expandir seus resultados com base nos pre\u00e7os mais altos do papel e na expans\u00e3o da margem. O EBITDA ficou em R$ 140 milh\u00f5es (+ 5% vs. BTGe), que \u00e9 um aumento de 18% t/t, e +152% a/a. O n\u00famero acima da nossa estimativa foi explicada pelo aumento dos pre\u00e7os do papel\u00e3o ondulado em mais 8% t/t (+ 5% vs. BTGe), enquanto as vendas permaneceram est\u00e1veis. Os pre\u00e7os de papel reciclado (OCC), principal mat\u00e9ria prima,\u00a0 j\u00e1 corrigiram mais de 40% dos picos, o que deve impulsionar os resultados no 4T21, e continuar sustentando a expans\u00e3o da margem \u00e0 frente, que ainda est\u00e1 sendo mal precificada pelo mercado, em nossa avalia\u00e7\u00e3o. A empresa atingiu 0,65x d\u00edvida l\u00edquida/EBITDA no trimestre, o que consideramos extremamente saud\u00e1vel, uma vez que o capex (investimento) da plataforma Gaia continua a acelerar (j\u00e1 em ~ R$ 100 milh\u00f5es neste trimestre). Reiteramos nossa Compra, com as a\u00e7\u00f5es sendo negociadas a 4,6x EV/EBITDA (abaixo de ~ 6,5x que seria razo\u00e1vel, em nossa opini\u00e3o).<br />\r\n<br />\r\n<strong>N\u00bas operacionais: pre\u00e7os de papel\u00e3o ondulado aumentam 8% t/t, custos de papel reciclado (OCC) caindo -21% t/t</strong><br />\r\n<br />\r\nA receita l\u00edquida/tonelada de papel\u00e3o ondulado aumentou 8% t/t (+ 5% vs. BTGe, + 79% maior a/a), enquanto os pre\u00e7os do papel subiram + 4% t/t e + 46% a/a (em linha com BTGe). Os volumes totais de embalagens ca\u00edram -4% a/a (em linha): Olhando para a divis\u00e3o, (i) volumes de papel foram 4% maiores t/t e inalteradas a/a (em linha), e (ii) em papel\u00e3o ondulado as vendas ca\u00edram -2% t/t e -8% a/a (-1% vs. BTGe). Os pre\u00e7os de compra de OCC\u00a0 despencaram -21% t/t, e ficaram em R$ 1.461/t (-6% vs. BTGe). As margens EBITDA continuaram a se expandir e ficaram em 32,4% (+ 290bps t/t). Os volumes de resina aumentaram 6% t/t, com pre\u00e7os + 3% mais altos t/t.<br />\r\n<br />\r\n<strong>A acelera\u00e7\u00e3o do Capex de crescimento torna o fluxo de caixa negativo; A alavancagem permanece intacta</strong><br />\r\n<br />\r\nA Irani gerou R$ 3 milh\u00f5es negativos em fluxo de caixa no trimestre, com a empresa acelerando capex da plataforma Gaia (projetos de expans\u00e3o) &#8211; R$ 96 milh\u00f5es em equipamentos adquiridos no 3T. Se excluirmos o capex de crescimento, a gera\u00e7\u00e3o do fluxo de caixa seria de R$ 93 milh\u00f5es com um free cash flow yield de 22% anualizado. A d\u00edvida l\u00edquida segue em posi\u00e7\u00e3o confort\u00e1vel de R$ 273 milh\u00f5es, com alavancagem de 0,65x, o que deve continuar sustentando a acelera\u00e7\u00e3o do capex nos pr\u00f3ximos trimestres. Atualiza\u00e7\u00e3o dos projetos: (i) Caldeira de recupera\u00e7\u00e3o: fase final de prepara\u00e7\u00e3o da infraestrutura e defini\u00e7\u00e3o do layout dos principais equipamentos. (ii) Expans\u00e3o SC: execu\u00e7\u00e3o f\u00edsica em 63%. Agora preparando a infraestrutura para instala\u00e7\u00e3o das m\u00e1quinas. (iii) Remodela\u00e7\u00e3o da m\u00e1quina de papel 2: em fase final das atividades de engenharia.<br />\r\n<br />\r\n<strong>Bem posicionada para crescer; Reiteramos a Compra</strong><br />\r\n<br />\r\nA Irani est\u00e1 pronta para embarcar em uma fase de crescimento agressivo pela frente. A empresa agora ostenta um balan\u00e7o patrimonial muito saud\u00e1vel (abaixo de 1x a alavancagem) e pode se concentrar em entregar crescimento de forma acumulada pela primeira vez em anos. Esta \u00e9 uma hist\u00f3ria de alto crescimento, baixo beta e orientada para o mercado dom\u00e9stico. Os ventos a favor para a ind\u00fastria de papel\u00e3o ondulado no Brasil tamb\u00e9m devem continuar a apoiar o desempenho da a\u00e7\u00e3o no curto prazo, uma vez que antecipamos mais expans\u00e3o de margem \u00e0 frente. Reiteramos nossa Compra em Irani, uma vez que a a\u00e7\u00e3o combina forte momentum de lucros + grandes projetos de crescimento de longo prazo, negociando a um m\u00faltiplo barato de 4,6x EV/EBITDA 22.",
        "dividend_yield": 0.9579901099205017,
        "mean_daily_return": 0.2133626937866211,
        "mean_daily_volume": 2272317.75,
        "forecast12m": 0.41999998688697815,
        "return12m": 51.55070495605469,
        "price": 6.630000114440918
    },
    {
        "name": "FII VILA OL\u00cdMPIA CORPORATE",
        "link": "https://www.btgpactualdigital.com/blog/area_de_analises/fii-vila-olimpia-corporate",
        "publication_date": "2021-11-14",
        "category": "Fundos Imobili\u00e1rios",
        "source": "BTG Pactual Digital",
        "ticker": "VLOL11",
        "target_price": 0.0,
        "segment": "Lajes corporativas",
        "recommendation": "",
        "description": "Lajes corporativas:<strong>\u00a0</strong>investimentos em im\u00f3veis destinados a escrit\u00f3rios.",
        "dividend_yield": 0.0,
        "mean_daily_return": -0.020911742001771927,
        "mean_daily_volume": 1734.548583984375,
        "forecast12m": 0.41999998688697815,
        "return12m": -6.919431209564209,
        "price": 98.19999694824219
    },
    {
        "name": "FII RBR RENDIMENTO HIGH GRADE",
        "link": "https://www.btgpactualdigital.com/blog/area_de_analises/fii-rbr-rendimento-high-grade",
        "publication_date": "2021-11-14",
        "category": "Fundos Imobili\u00e1rios",
        "source": "BTG Pactual Digital",
        "ticker": "RBRR11",
        "target_price": 0.0,
        "segment": "T\u00edtulos e Valores Mobili\u00e1rios",
        "recommendation": "",
        "description": "T\u00edtulos e Valores Mobili\u00e1rios: \u00a0investimentos em cotas de sociedades, FIP e FIDC cujas pol\u00edticas ou prop\u00f3sitos se enquadrem entre as atividades permitidas aos FII, cotas de FII, fundos de investimento em a\u00e7\u00f5es setoriais, CEPAC, CRI, LH, LCI ou qualquer outro valor mobili\u00e1rio permitido pela legisla\u00e7\u00e3o vigente.",
        "dividend_yield": 0.0,
        "mean_daily_return": 0.002132080029696226,
        "mean_daily_volume": 26454.359375,
        "forecast12m": 0.41999998688697815,
        "return12m": -0.22734318673610687,
        "price": 96.55000305175781
    },
    {
        "name": "VINCI LOG\u00cdSTICA",
        "link": "https://www.btgpactualdigital.com/blog/area_de_analises/vinci-logistica-fii",
        "publication_date": "2021-11-14",
        "category": "Fundos Imobili\u00e1rios",
        "source": "BTG Pactual Digital",
        "ticker": "VILG11",
        "target_price": 0.0,
        "segment": "Log\u00edstico",
        "recommendation": "",
        "description": "Log\u00edstico: investimentos em im\u00f3veis destinados a sediar instala\u00e7\u00f5es de centros de distribui\u00e7\u00e3o, armazenamento e log\u00edstica.",
        "dividend_yield": 0.0,
        "mean_daily_return": -0.1325029879808426,
        "mean_daily_volume": 40116.16796875,
        "forecast12m": 0.41999998688697815,
        "return12m": -27.550615310668945,
        "price": 91.25
    },
    {
        "name": "XP Malls FII",
        "link": "https://www.btgpactualdigital.com/blog/area_de_analises/xp-malls-fii",
        "publication_date": "2021-11-14",
        "category": "Fundos Imobili\u00e1rios",
        "source": "BTG Pactual Digital",
        "ticker": "XPML11",
        "target_price": 0.0,
        "segment": "Shoppings",
        "recommendation": "",
        "description": "Shoppings: investimentos em im\u00f3veis destinados a sediar centros comerciais &#8211; Shoppings centers.",
        "dividend_yield": 0.0,
        "mean_daily_return": -0.05966923013329506,
        "mean_daily_volume": 40877.79296875,
        "forecast12m": 0.41999998688697815,
        "return12m": -14.160714149475098,
        "price": 96.13999938964844
    },
    {
        "name": "FII BTG PACTUAL CORP. OFFICE FUND",
        "link": "https://www.btgpactualdigital.com/blog/area_de_analises/fii-btg-pactual-corp-office-fund",
        "publication_date": "2021-11-14",
        "category": "Fundos Imobili\u00e1rios",
        "source": "BTG Pactual Digital",
        "ticker": "BRCR11",
        "target_price": 0.0,
        "segment": "H\u00edbrido",
        "recommendation": "",
        "description": "H\u00edbrido: investimento direto ou indireto em im\u00f3veis relacionados a mais de um segmento.",
        "dividend_yield": 0.0,
        "mean_daily_return": -0.14074161648750305,
        "mean_daily_volume": 43787.94140625,
        "forecast12m": 0.41999998688697815,
        "return12m": -28.83005142211914,
        "price": 62.900001525878906
    },
    {
        "name": "FII THE ONE",
        "link": "https://www.btgpactualdigital.com/blog/area_de_analises/fii-the-one-2",
        "publication_date": "2021-11-14",
        "category": "Fundos Imobili\u00e1rios",
        "source": "BTG Pactual Digital",
        "ticker": "ONEF11",
        "target_price": 0.0,
        "segment": "Lajes corporativas",
        "recommendation": "",
        "description": "Lajes corporativas:<strong>\u00a0</strong>investimentos em im\u00f3veis destinados a escrit\u00f3rios.",
        "dividend_yield": 0.0,
        "mean_daily_return": -0.004693210124969482,
        "mean_daily_volume": 777.523193359375,
        "forecast12m": 0.41999998688697815,
        "return12m": -1.9107847213745117,
        "price": 144.25
    },
    {
        "name": "Rio Bravo Renda Corporativa FII",
        "link": "https://www.btgpactualdigital.com/blog/area_de_analises/rio-bravo-renda-corporativa-fii",
        "publication_date": "2021-11-14",
        "category": "Fundos Imobili\u00e1rios",
        "source": "BTG Pactual Digital",
        "ticker": "FFCI11",
        "target_price": 0.0,
        "segment": "Lajes corporativas",
        "recommendation": "",
        "description": "Lajes corporativas:<strong>\u00a0</strong>investimentos em im\u00f3veis destinados a escrit\u00f3rios.",
        "dividend_yield": 0.0,
        "mean_daily_return": 0.0,
        "mean_daily_volume": 0.0,
        "forecast12m": 0.41999998688697815,
        "return12m": 0.0,
        "price": 182.02999877929688
    },
    {
        "name": "FII Santander Ag\u00eancias",
        "link": "https://www.btgpactualdigital.com/blog/area_de_analises/fii-santander-agencias-2",
        "publication_date": "2021-11-14",
        "category": "Fundos Imobili\u00e1rios",
        "source": "BTG Pactual Digital",
        "ticker": "SAAG11",
        "target_price": 0.0,
        "segment": "Outros",
        "recommendation": "",
        "description": "Outros: investimentos em im\u00f3veis destinados a segmentos n\u00e3o listados dentre os demais segmentos de atua\u00e7\u00e3o da Anbima.",
        "dividend_yield": 0.0,
        "mean_daily_return": 0.0,
        "mean_daily_volume": 0.0,
        "forecast12m": 0.41999998688697815,
        "return12m": 0.0,
        "price": 106.61000061035156
    },
    {
        "name": "FII BTG Pactual Fundo de Fundos Imobili\u00e1rios",
        "link": "https://www.btgpactualdigital.com/blog/area_de_analises/fii-btg-pactual-fundo-de-fundos-imobiliarios",
        "publication_date": "2021-11-14",
        "category": "Fundos Imobili\u00e1rios",
        "source": "BTG Pactual Digital",
        "ticker": "BCFF11",
        "target_price": 0.0,
        "segment": "T\u00edtulos e Valores Mobili\u00e1rios",
        "recommendation": "",
        "description": "T\u00edtulos e Valores Mobili\u00e1rios: \u00a0investimentos em cotas de sociedades, FIP e FIDC cujas pol\u00edticas ou prop\u00f3sitos se enquadrem entre as atividades permitidas aos FII, cotas de FII, fundos de investimento em a\u00e7\u00f5es setoriais, CEPAC, CRI, LH, LCI ou qualquer outro valor mobili\u00e1rio permitido pela legisla\u00e7\u00e3o vigente.",
        "dividend_yield": 0.0,
        "mean_daily_return": 0.0,
        "mean_daily_volume": 50334.0,
        "forecast12m": 0.41999998688697815,
        "return12m": 0.0,
        "price": 65.4800033569336
    },
    {
        "name": "FII SDI Rio Bravo Renda Log\u00edstica ",
        "link": "https://www.btgpactualdigital.com/blog/area_de_analises/fii-sdi-rio-bravo-renda-logistica",
        "publication_date": "2021-11-14",
        "category": "Fundos Imobili\u00e1rios",
        "source": "BTG Pactual Digital",
        "ticker": "SDIL11",
        "target_price": 0.0,
        "segment": "Log\u00edstico",
        "recommendation": "",
        "description": "Log\u00edstico: investimentos em im\u00f3veis destinados a sediar instala\u00e7\u00f5es de centros de distribui\u00e7\u00e3o, armazenamento e log\u00edstica.",
        "dividend_yield": 0.0,
        "mean_daily_return": -0.06983447074890137,
        "mean_daily_volume": 11627.2109375,
        "forecast12m": 0.41999998688697815,
        "return12m": -15.912249565124512,
        "price": 84.70999908447266
    },
    {
        "name": "XP Man Fundo Multimercado Quant Global: Alta Alavancada",
        "link": "https://conteudos.xpi.com.br/coe/xp-man-fundo-multimercado-quant-global-alta-alavancada-9/",
        "publication_date": "2021-11-14",
        "category": "COE",
        "source": "XP Investimentos",
        "strategy": "Participa\u00e7\u00e3o",
        "deadline": 60,
        "classification": "Rating AA(bra)",
        "description": "Alavancagem m\u00ednima de 2 vezes."
    },
    {
        "name": "XP Autocall: Tech FANG",
        "link": "https://conteudos.xpi.com.br/coe/xp-autocall-tech-fang/",
        "publication_date": "2021-11-14",
        "category": "COE",
        "source": "XP Investimentos",
        "strategy": "Autocallable",
        "deadline": 66,
        "classification": "Rating AA(bra)",
        "description": "Rentabilidade semestral de 5,00% a 5,60% caso o objetivo da estrat\u00e9gia seja alcan\u00e7ado"
    },
    {
        "name": "XP Autocall: Klabin, Magazine Luiza, Bradesco e Vale",
        "link": "https://conteudos.xpi.com.br/coe/xp-autocall-klabin-magazine-luiza-bradesco-e-vale-2/",
        "publication_date": "2021-11-14",
        "category": "COE",
        "source": "XP Investimentos",
        "strategy": "Autocallable",
        "deadline": 66,
        "classification": "Rating AAA(bra)",
        "description": "Rentabilidade trimestral de 1,80% a 2,40% caso o objetivo da estrat\u00e9gia seja alcan\u00e7ado"
    },
    {
        "name": "XP Drag\u00f5es Asi\u00e1ticos (China e Taiwan): Alta Ilimitada",
        "link": "https://conteudos.xpi.com.br/coe/xp-dragoes-asiaticos-china-e-taiwan-alta-ilimitada-5/",
        "publication_date": "2021-11-14",
        "category": "COE",
        "source": "XP Investimentos",
        "strategy": "Participa\u00e7\u00e3o",
        "deadline": 70,
        "classification": "Rating AA(bra)",
        "description": "Alavancagem m\u00ednima de 1 vez."
    },
    {
        "name": "XP ESG Futuro Sustent\u00e1vel: Taxa Fixa ou Alta Limitada",
        "link": "https://conteudos.xpi.com.br/coe/xp-esg-futuro-sustentavel-taxa-fixa-ou-alta-limitada-8/",
        "publication_date": "2021-11-14",
        "category": "COE",
        "source": "XP Investimentos",
        "strategy": "Participa\u00e7\u00e3o",
        "deadline": 66,
        "classification": "Rating AA(bra)",
        "description": "Rentabilidade m\u00ednima de 12,5% no per\u00edodo. Ganho m\u00e1ximo entre 80% e 120%."
    },
    {
        "name": "CS \u00cdndice E-Sports: Alta Alavancada",
        "link": "https://conteudos.xpi.com.br/coe/cs-indice-e-sports-alta-alavancada-4/",
        "publication_date": "2021-11-14",
        "category": "COE",
        "source": "XP Investimentos",
        "strategy": "Participa\u00e7\u00e3o",
        "deadline": 66,
        "classification": "Rating AAA(bra)",
        "description": "Alavancagem m\u00ednima de 1,30 vezes."
    },
    {
        "name": "XP \u00cdndice de Commodities: Taxa Fixa ou Alta Ilimitada",
        "link": "https://conteudos.xpi.com.br/coe/xp-indice-de-commodities-taxa-fixa-ou-alta-ilimitada-6/",
        "publication_date": "2021-11-14",
        "category": "COE",
        "source": "XP Investimentos",
        "strategy": "Participa\u00e7\u00e3o",
        "deadline": 66,
        "classification": "Rating AA(bra)",
        "description": "Rentabilidade m\u00ednima entre 17,5% e 22,5% no per\u00edodo."
    },
    {
        "name": "BBDC4",
        "link": "https://conteudos.xpi.com.br/acoes/bbdc4/",
        "publication_date": "2021-11-14",
        "category": "A\u00e7\u00f5es",
        "source": "XP Investimentos",
        "ticker": "BBDC4",
        "target_price": 2600.0,
        "segment": "",
        "recommendation": "",
        "description": "",
        "dividend_yield": 0.32098010182380676,
        "mean_daily_return": -0.0029770813416689634,
        "mean_daily_volume": 45424152.0,
        "forecast12m": 0.41999998688697815,
        "return12m": -5.64680814743042,
        "price": 20.690000534057617
    },
    {
        "name": "VALE3",
        "link": "https://conteudos.xpi.com.br/acoes/vale3/",
        "publication_date": "2021-11-14",
        "category": "A\u00e7\u00f5es",
        "source": "XP Investimentos",
        "ticker": "VALE3",
        "target_price": 12200.0,
        "segment": "",
        "recommendation": "",
        "description": "",
        "dividend_yield": 5.65643835067749,
        "mean_daily_return": 0.11544769257307053,
        "mean_daily_volume": 28754572.0,
        "forecast12m": 0.41999998688697815,
        "return12m": 23.763580322265625,
        "price": 68.30000305175781
    },
    {
        "name": "B3SA3",
        "link": "https://conteudos.xpi.com.br/acoes/b3sa3/",
        "publication_date": "2021-11-14",
        "category": "A\u00e7\u00f5es",
        "source": "XP Investimentos",
        "ticker": "B3SA3",
        "target_price": 1.0,
        "segment": "",
        "recommendation": "",
        "description": "",
        "dividend_yield": 1.013350009918213,
        "mean_daily_return": -0.08453626185655594,
        "mean_daily_volume": 43498112.0,
        "forecast12m": 0.41999998688697815,
        "return12m": -22.931467056274414,
        "price": 13.050000190734863
    },
    {
        "name": "RENT3",
        "link": "https://conteudos.xpi.com.br/acoes/rent3/",
        "publication_date": "2021-11-14",
        "category": "A\u00e7\u00f5es",
        "source": "XP Investimentos",
        "ticker": "RENT3",
        "target_price": 7600.0,
        "segment": "",
        "recommendation": "",
        "description": "",
        "dividend_yield": 0.13083747029304504,
        "mean_daily_return": -0.07505813241004944,
        "mean_daily_volume": 5739050.5,
        "forecast12m": 0.41999998688697815,
        "return12m": -22.202014923095703,
        "price": 51.63999938964844
    },
    {
        "name": "TEND3",
        "link": "https://conteudos.xpi.com.br/acoes/tend3/",
        "publication_date": "2021-11-14",
        "category": "A\u00e7\u00f5es",
        "source": "XP Investimentos",
        "ticker": "TEND3",
        "target_price": 3800.0,
        "segment": "",
        "recommendation": "",
        "description": "",
        "dividend_yield": 0.7269193530082703,
        "mean_daily_return": -0.17542603611946106,
        "mean_daily_volume": 1274309.25,
        "forecast12m": 0.41999998688697815,
        "return12m": -38.4865837097168,
        "price": 18.809999465942383
    },
    {
        "name": "LAME4",
        "link": "https://conteudos.xpi.com.br/acoes/lame4/",
        "publication_date": "2021-11-14",
        "category": "A\u00e7\u00f5es",
        "source": "XP Investimentos",
        "ticker": "LAME4",
        "target_price": 800.0,
        "segment": "",
        "recommendation": "",
        "description": "",
        "dividend_yield": 1.28752863407135,
        "mean_daily_return": -0.3296213150024414,
        "mean_daily_volume": 18979352.0,
        "forecast12m": 0.41999998688697815,
        "return12m": -71.751220703125,
        "price": 6.590000152587891
    },
    {
        "name": "ASAI3",
        "link": "https://conteudos.xpi.com.br/acoes/asai3/",
        "publication_date": "2021-11-14",
        "category": "A\u00e7\u00f5es",
        "source": "XP Investimentos",
        "ticker": "ASAI3",
        "target_price": 2500.0,
        "segment": "",
        "recommendation": "",
        "description": "",
        "dividend_yield": 0.3300991356372833,
        "mean_daily_return": 0.06747052818536758,
        "mean_daily_volume": 10227814.0,
        "forecast12m": 0.41999998688697815,
        "return12m": 9.453474998474121,
        "price": 15.529999732971191
    },
    {
        "name": "GNDI3",
        "link": "https://conteudos.xpi.com.br/acoes/gndi3/",
        "publication_date": "2021-11-14",
        "category": "A\u00e7\u00f5es",
        "source": "XP Investimentos",
        "ticker": "GNDI3",
        "target_price": 11000.0,
        "segment": "",
        "recommendation": "",
        "description": "",
        "dividend_yield": 0.3505992889404297,
        "mean_daily_return": 0.03569549322128296,
        "mean_daily_volume": 4019563.25,
        "forecast12m": 0.41999998688697815,
        "return12m": -0.20884542167186737,
        "price": 73.30999755859375
    },
    {
        "name": "MRFG3",
        "link": "#modal-disclaimer-potencial-acoes",
        "publication_date": "2021-11-14",
        "category": "A\u00e7\u00f5es",
        "source": "XP Investimentos",
        "ticker": "MRFG3",
        "target_price": 2400.0,
        "segment": "",
        "recommendation": "",
        "description": "",
        "dividend_yield": 4.53559684753418,
        "mean_daily_return": 0.30391407012939453,
        "mean_daily_volume": 8994542.0,
        "forecast12m": 0.41999998688697815,
        "return12m": 94.9973373413086,
        "price": 26.510000228881836
    },
    {
        "name": "KLBN11",
        "link": "https://conteudos.xpi.com.br/acoes/klbn11/",
        "publication_date": "2021-11-14",
        "category": "A\u00e7\u00f5es",
        "source": "XP Investimentos",
        "ticker": "KLBN11",
        "target_price": 3200.0,
        "segment": "",
        "recommendation": "",
        "description": "",
        "dividend_yield": 1.4169195890426636,
        "mean_daily_return": 0.004782479256391525,
        "mean_daily_volume": 6271298.5,
        "forecast12m": 0.41999998688697815,
        "return12m": -2.992222309112549,
        "price": 23.1299991607666
    },
    {
        "name": "CSHG REAL ESTATE FII - HGRE11",
        "link": "https://conteudos.xpi.com.br/fundos-imobiliarios/cshg-real-estate-fii-hgre11/",
        "publication_date": "2021-11-14",
        "category": "Fundos Imobili\u00e1rios",
        "source": "XP Investimentos",
        "ticker": "HGRE11",
        "target_price": 1.0,
        "segment": "",
        "recommendation": "",
        "description": "",
        "dividend_yield": 0.0,
        "mean_daily_return": -0.09605392068624496,
        "mean_daily_volume": 20934.771484375,
        "forecast12m": 0.41999998688697815,
        "return12m": -21.22968292236328,
        "price": 118.25
    },
    {
        "name": "XP LOG FII - XPLG11",
        "link": "https://conteudos.xpi.com.br/fundos-imobiliarios/xp-log-fii-xplg11/",
        "publication_date": "2021-11-14",
        "category": "Fundos Imobili\u00e1rios",
        "source": "XP Investimentos",
        "ticker": "XPLG11",
        "target_price": 1.0,
        "segment": "",
        "recommendation": "",
        "description": "",
        "dividend_yield": 0.0,
        "mean_daily_return": -0.1326177567243576,
        "mean_daily_volume": 59338.6328125,
        "forecast12m": 0.41999998688697815,
        "return12m": -27.578125,
        "price": 92.69999694824219
    },
    {
        "name": "CSHG LOG\u00cdSTICA FII - HGLG11",
        "link": "https://conteudos.xpi.com.br/fundos-imobiliarios/cshg-logistica-fii-hglg11/",
        "publication_date": "2021-11-14",
        "category": "Fundos Imobili\u00e1rios",
        "source": "XP Investimentos",
        "ticker": "HGLG11",
        "target_price": 1.0,
        "segment": "",
        "recommendation": "",
        "description": "",
        "dividend_yield": 0.0,
        "mean_daily_return": -0.017981654033064842,
        "mean_daily_volume": 42658.359375,
        "forecast12m": 0.41999998688697815,
        "return12m": -4.761904716491699,
        "price": 160.0
    },
    {
        "name": "KINEA \u00cdNDICES DE PRE\u00c7OS FII - KNIP11",
        "link": "https://conteudos.xpi.com.br/fundos-imobiliarios/kinea-indices-de-precos-fii-knip11/",
        "publication_date": "2021-11-14",
        "category": "Fundos Imobili\u00e1rios",
        "source": "XP Investimentos",
        "ticker": "KNIP11",
        "target_price": 1.0,
        "segment": "",
        "recommendation": "",
        "description": "",
        "dividend_yield": 0.0,
        "mean_daily_return": -0.037447694689035416,
        "mean_daily_volume": 107567.8046875,
        "forecast12m": 0.41999998688697815,
        "return12m": -8.909729957580566,
        "price": 101.01000213623047
    },
    {
        "name": "CYRELA THERA CORPORATE FII - THRA11",
        "link": "https://conteudos.xpi.com.br/fundos-imobiliarios/cyrela-thera-corporate-fii-thra11/",
        "publication_date": "2021-11-14",
        "category": "Fundos Imobili\u00e1rios",
        "source": "XP Investimentos",
        "ticker": "THRA11",
        "target_price": 1.0,
        "segment": "",
        "recommendation": "",
        "description": "",
        "dividend_yield": 0.0,
        "mean_daily_return": 0.03731744363903999,
        "mean_daily_volume": 3854.125,
        "forecast12m": 0.41999998688697815,
        "return12m": 5.243161201477051,
        "price": 138.5
    },
    {
        "name": "HSI MALLS - HSML11",
        "link": "https://conteudos.xpi.com.br/fundos-imobiliarios/hsi-malls-hsml11/",
        "publication_date": "2021-11-14",
        "category": "Fundos Imobili\u00e1rios",
        "source": "XP Investimentos",
        "ticker": "HSML11",
        "target_price": 1.0,
        "segment": "",
        "recommendation": "",
        "description": "",
        "dividend_yield": 0.0,
        "mean_daily_return": -0.09606298804283142,
        "mean_daily_volume": 31922.05078125,
        "forecast12m": 0.41999998688697815,
        "return12m": -20.979469299316406,
        "price": 73.9000015258789
    },
    {
        "name": "CSHG RENDA URBANA FII - HGRU11",
        "link": "https://conteudos.xpi.com.br/fundos-imobiliarios/cshg-renda-urbana-fii-hgru11/",
        "publication_date": "2021-11-14",
        "category": "Fundos Imobili\u00e1rios",
        "source": "XP Investimentos",
        "ticker": "HGRU11",
        "target_price": 1.0,
        "segment": "",
        "recommendation": "",
        "description": "",
        "dividend_yield": 0.0,
        "mean_daily_return": -0.06212999299168587,
        "mean_daily_volume": 47893.9765625,
        "forecast12m": 0.41999998688697815,
        "return12m": -14.1484375,
        "price": 109.88999938964844
    },
    {
        "name": "Absolute Alpha Marb Advisory FIC FIM",
        "link": "https://conteudos.xpi.com.br/fundos-de-investimento/absolute-alpha-marb-advisory-fic-fim/",
        "publication_date": "2021-11-14",
        "category": "Fundos de Investimento",
        "source": "XP Investimentos",
        "min_application": 50000.0,
        "adm_tax": 2.0,
        "redemption": "D+17 (Dias Corridos)",
        "classification": "Multiestrat\u00e9gia",
        "month_return": 1.0
    },
    {
        "name": "Augme 45 Advisory FIC FIRF CP",
        "link": "https://conteudos.xpi.com.br/fundos-de-investimento/augme-45-advisory-fic-firf-cp/",
        "publication_date": "2021-11-14",
        "category": "Fundos de Investimento",
        "source": "XP Investimentos",
        "min_application": 500000.0,
        "adm_tax": 0.6,
        "redemption": "D+44 (Dias Corridos)",
        "classification": "Cr\u00e9dito High Grade",
        "month_return": 1.0
    },
    {
        "name": "Giant Zarathustra Advisory FIC FIM",
        "link": "https://conteudos.xpi.com.br/fundos-de-investimento/giant-zarathustra-advisory-fic-fim/",
        "publication_date": "2021-11-14",
        "category": "Fundos de Investimento",
        "source": "XP Investimentos",
        "min_application": 1000000.0,
        "adm_tax": 0.95,
        "redemption": "D+30 (Dias Corridos)",
        "classification": "Quantitativo",
        "month_return": 1.0
    },
    {
        "name": "Brasil Capital Sustentabilidade Advisory FIC FIA",
        "link": "https://conteudos.xpi.com.br/fundos-de-investimento/brasil-capital-sustentabilidade-advisory-fic-fia/",
        "publication_date": "2021-11-14",
        "category": "Fundos de Investimento",
        "source": "XP Investimentos",
        "min_application": 50000.0,
        "adm_tax": 1.38,
        "redemption": "D+30 (Dias Corridos)",
        "classification": "Renda Vari\u00e1vel Long Only Livre",
        "month_return": 1.0
    },
    {
        "name": "Quantitas FIC FIM Mallorca",
        "link": "https://conteudos.xpi.com.br/fundos-de-investimento/quantitas-fic-fim-mallorca/",
        "publication_date": "2021-11-14",
        "category": "Fundos de Investimento",
        "source": "XP Investimentos",
        "min_application": 100000.0,
        "adm_tax": 1.8,
        "redemption": "D+14 (Dias Corridos)",
        "classification": "Macro M\u00e9dia Vol",
        "month_return": 1.0
    },
    {
        "name": "Kinea Atlas II FIM",
        "link": "https://conteudos.xpi.com.br/fundos-de-investimento/kinea-atlas-ii-fim/",
        "publication_date": "2021-11-14",
        "category": "Fundos de Investimento",
        "source": "XP Investimentos",
        "min_application": 100000.0,
        "adm_tax": 2.0,
        "redemption": "D+29 (Dias Corridos)",
        "classification": "Macro Alta Vol",
        "month_return": 1.0
    },
    {
        "name": "Selection A\u00e7\u00f5es FIC FIA",
        "link": "https://conteudos.xpi.com.br/fundos-de-investimento/selection-acoes-fic-fia/",
        "publication_date": "2021-11-14",
        "category": "Fundos de Investimento",
        "source": "XP Investimentos",
        "min_application": 10000.0,
        "adm_tax": 1.0,
        "redemption": "D+10 (Dias Corridos)",
        "classification": "Renda Vari\u00e1vel Long Only Livre",
        "month_return": 1.0
    },
    {
        "name": "Selection ESG FIC FIA",
        "link": "https://conteudos.xpi.com.br/fundos-de-investimento/selection-esg-fic-fia/",
        "publication_date": "2021-11-14",
        "category": "Fundos de Investimento",
        "source": "XP Investimentos",
        "min_application": 10000.0,
        "adm_tax": 0.75,
        "redemption": "D+30 (Dias Corridos)",
        "classification": "Renda Vari\u00e1vel Long Only Livre",
        "month_return": 1.0
    },
    {
        "name": "Solis Capital Antares Advisory CP FIC FIM LP",
        "link": "https://conteudos.xpi.com.br/fundos-de-investimento/solis-capital-antares-advisory-cp-fic-fim-lp/",
        "publication_date": "2021-11-14",
        "category": "Fundos de Investimento",
        "source": "XP Investimentos",
        "min_application": 50000.0,
        "adm_tax": 0.4,
        "redemption": "D+59 (Dias Corridos)",
        "classification": "Cr\u00e9dito High Yield",
        "month_return": 1.0
    },
    {
        "name": "XP Debentures Incentivadas Cr\u00e9dito Privado FIC FIM",
        "link": "https://conteudos.xpi.com.br/fundos-de-investimento/xp-debentures-incentivadas-credito-privado-fic-fim/",
        "publication_date": "2021-11-14",
        "category": "Fundos de Investimento",
        "source": "XP Investimentos",
        "min_application": 500000.0,
        "adm_tax": 1.0,
        "redemption": "D+30 (Dias Corridos)",
        "classification": "Deb\u00eantures Incentivadas N\u00e3o Hedgeado",
        "month_return": 1.0
    },
    {
        "name": "AZ Quest Luce Advisory Prev XP Seg FIRF CP",
        "link": "https://conteudos.xpi.com.br/previdencia-privada/az-quest-luce-advisory-prev-xp-seg-firf-cp/",
        "publication_date": "2021-11-14",
        "category": "Previd\u00eancia Privada",
        "source": "XP Investimentos",
        "min_application": 50000.0,
        "adm_tax": 100.0,
        "month_return": 0.26
    },
    {
        "name": "XP Horizonte XP Seg FICFIRF Prev",
        "link": "https://conteudos.xpi.com.br/previdencia-privada/xp-horizonte-xp-seg-firf-prev/",
        "publication_date": "2021-11-14",
        "category": "Previd\u00eancia Privada",
        "source": "XP Investimentos",
        "min_application": 50000.0,
        "adm_tax": 70.0,
        "month_return": 0.49
    },
    {
        "name": "Navi Long Short XP Seg FIC FIM",
        "link": "https://conteudos.xpi.com.br/previdencia-privada/navi-long-short-i-xp-seg-fic-fim/",
        "publication_date": "2021-11-14",
        "category": "Previd\u00eancia Privada",
        "source": "XP Investimentos",
        "min_application": 50000.0,
        "adm_tax": 200.0,
        "month_return": 1.47
    },
    {
        "name": "Claritas Advisory XP Seg Prev FIE FIC FIM",
        "link": "https://conteudos.xpi.com.br/previdencia-privada/claritas-advisory-xp-seg-prev-fie-fic-fim/",
        "publication_date": "2021-11-14",
        "category": "Previd\u00eancia Privada",
        "source": "XP Investimentos",
        "min_application": 50000.0,
        "adm_tax": 120.0,
        "month_return": 0.37
    },
    {
        "name": "JGP Multimercado Prev Advisory XP Seg FICFI",
        "link": "https://conteudos.xpi.com.br/previdencia-privada/jgp-multimercado-prev-advisory-xp-seg-ficfi/",
        "publication_date": "2021-11-14",
        "category": "Previd\u00eancia Privada",
        "source": "XP Investimentos",
        "min_application": 1000000.0,
        "adm_tax": 200.0,
        "month_return": 0.87
    },
    {
        "name": "Kapitalo K10 Global Prev XP Seg Advisory FICFIM",
        "link": "https://conteudos.xpi.com.br/previdencia-privada/kapitalo-k10-global-prev-xp-seg-advisory-ficfim/",
        "publication_date": "2021-11-14",
        "category": "Previd\u00eancia Privada",
        "source": "XP Investimentos",
        "min_application": 50000.0,
        "adm_tax": 200.0,
        "month_return": -1
    },
    {
        "name": "Giant Prev FIE FIC FIM",
        "link": "https://conteudos.xpi.com.br/previdencia-privada/giant-prev-fie-fic-fim/",
        "publication_date": "2021-11-14",
        "category": "Previd\u00eancia Privada",
        "source": "XP Investimentos",
        "min_application": 50000.0,
        "adm_tax": 150.0,
        "month_return": 0.51
    },
    {
        "name": "Selection Multimercado XP Seg FIC FIM",
        "link": "https://conteudos.xpi.com.br/previdencia-privada/selection-multimercado-xp-seg-fic-fim/",
        "publication_date": "2021-11-14",
        "category": "Previd\u00eancia Privada",
        "source": "XP Investimentos",
        "min_application": 50000.0,
        "adm_tax": 80.0,
        "month_return": 1.67
    },
    {
        "name": "XP Long Biased Advisory XP Seg FIC FIM",
        "link": "https://conteudos.xpi.com.br/previdencia-privada/xp-long-biased-advisory-xp-seg-fic-fim/",
        "publication_date": "2021-11-14",
        "category": "Previd\u00eancia Privada",
        "source": "XP Investimentos",
        "min_application": 50000.0,
        "adm_tax": 200.0,
        "month_return": 7.05
    },
    {
        "name": "XP Long Term Equity XP Seg FIC FIM",
        "link": "https://conteudos.xpi.com.br/previdencia-privada/xp-long-term-equity-xp-seg-fic-fim/",
        "publication_date": "2021-11-14",
        "category": "Previd\u00eancia Privada",
        "source": "XP Investimentos",
        "min_application": 50000.0,
        "adm_tax": 200.0,
        "month_return": 6.25
    }
]