{
	"info": {
		"_postman_id": "493e9c7c-a5c7-428f-b1a5-89ca2aa1a273",
		"name": "Insights",
		"schema": "https://schema.getpostman.com/json/collection/v2.1.0/collection.json"
	},
	"item": [
		{
			"name": "Client - List",
			"request": {
				"method": "GET",
				"header": [],
				"url": {
					"raw": "localhost:5001/clients",
					"host": [
						"localhost"
					],
					"port": "5001",
					"path": [
						"clients"
					]
				}
			},
			"response": []
		},
		{
			"name": "Client - Create",
			"request": {
				"method": "POST",
				"header": [],
				"body": {
					"mode": "raw",
					"raw": "{\r\n            \"cpf\": \"self.cpf\",\r\n            \"name\": \"self.name\",\r\n            \"username\": \"self.username\",\r\n            \"password\": \"self.password\",\r\n            \"email\": \"self.email\",\r\n            \"suitability\": \"self.suitability\",\r\n            \"cel\": \"self.cel\",\r\n            \"address\": \"self.address\",\r\n            \"city\": \"self.city\",\r\n            \"state\": \"self.state\",\r\n            \"status\": 1,\r\n            \"complement\": \"self.complement\",\r\n            \"zip_code\": \"self.zip_code\",\r\n            \"obs\": \"self.obs\",\r\n            \"advisor_id\": 1\r\n        }",
					"options": {
						"raw": {
							"language": "json"
						}
					}
				},
				"url": {
					"raw": "localhost:5001/client/create",
					"host": [
						"localhost"
					],
					"port": "5001",
					"path": [
						"client",
						"create"
					]
				}
			},
			"response": []
		},
		{
			"name": "Client - Read",
			"request": {
				"method": "GET",
				"header": [],
				"url": {
					"raw": "localhost:5001/client/2",
					"host": [
						"localhost"
					],
					"port": "5001",
					"path": [
						"client",
						"2"
					]
				}
			},
			"response": []
		},
		{
			"name": "Client - Update",
			"request": {
				"method": "POST",
				"header": [],
				"body": {
					"mode": "raw",
					"raw": "{\r\n    \"cpf\": \"updated\",\r\n    \"name\": \"self.name.updated\"\r\n}",
					"options": {
						"raw": {
							"language": "json"
						}
					}
				},
				"url": {
					"raw": "localhost:5001/client/update/2",
					"host": [
						"localhost"
					],
					"port": "5001",
					"path": [
						"client",
						"update",
						"2"
					]
				}
			},
			"response": []
		},
		{
			"name": "Client - Delete",
			"request": {
				"method": "GET",
				"header": [],
				"url": {
					"raw": "localhost:5001/client/delete/1",
					"host": [
						"localhost"
					],
					"port": "5001",
					"path": [
						"client",
						"delete",
						"1"
					]
				}
			},
			"response": []
		},
		{
			"name": "Advisor - List",
			"protocolProfileBehavior": {
				"disableBodyPruning": true
			},
			"request": {
				"method": "GET",
				"header": [],
				"body": {
					"mode": "file",
					"file": {}
				},
				"url": {
					"raw": "localhost:5002/advisors",
					"host": [
						"localhost"
					],
					"port": "5002",
					"path": [
						"advisors"
					]
				}
			},
			"response": []
		},
		{
			"name": "Advisor - Create",
			"request": {
				"method": "POST",
				"header": [],
				"body": {
					"mode": "raw",
					"raw": "{\r\n    \"cpf\": \"self.cpf\",\r\n    \"name\": \"self.name\",\r\n    \"username\": \"self.username\",\r\n    \"password\": \"self.password\",\r\n    \"email\": \"self.email\",\r\n    \"cel\": \"self.cel\",\r\n    \"address\": \"self.address\",\r\n    \"city\": \"self.city\",\r\n    \"state\": \"self.state\",\r\n    \"status\": 1,\r\n    \"complement\": \"self.complement\",\r\n    \"zip_code\": \"self.zip_code\",\r\n    \"obs\": \"self.obs\",\r\n    \"birth\": \"self.birth\",\r\n    \"salary\": 12341.42,\r\n    \"work_code\": 412561,\r\n    \"cvm_code\": \"self.cvm_code\"\r\n}",
					"options": {
						"raw": {
							"language": "json"
						}
					}
				},
				"url": {
					"raw": "localhost:5002/advisor/create",
					"host": [
						"localhost"
					],
					"port": "5002",
					"path": [
						"advisor",
						"create"
					]
				}
			},
			"response": []
		},
		{
			"name": "Advisor - Read",
			"request": {
				"method": "GET",
				"header": [],
				"url": {
					"raw": "localhost:5002/advisor/1",
					"host": [
						"localhost"
					],
					"port": "5002",
					"path": [
						"advisor",
						"1"
					]
				}
			},
			"response": []
		},
		{
			"name": "Advisor - Update",
			"request": {
				"method": "POST",
				"header": [],
				"body": {
					"mode": "raw",
					"raw": "{\r\n    \"name\": \"self.name.update\",\r\n    \"salary\": 141512.42\r\n}",
					"options": {
						"raw": {
							"language": "json"
						}
					}
				},
				"url": {
					"raw": "localhost:5002/advisor/update/1",
					"host": [
						"localhost"
					],
					"port": "5002",
					"path": [
						"advisor",
						"update",
						"1"
					]
				}
			},
			"response": []
		},
		{
			"name": "Advisor - Delete",
			"request": {
				"method": "GET",
				"header": [],
				"url": {
					"raw": "localhost:5002/advisor/delete/1",
					"host": [
						"localhost"
					],
					"port": "5002",
					"path": [
						"advisor",
						"delete",
						"1"
					]
				}
			},
			"response": []
		},
		{
			"name": "Assets - List",
			"request": {
				"method": "GET",
				"header": [],
				"url": {
					"raw": "localhost:5003/assets",
					"host": [
						"localhost"
					],
					"port": "5003",
					"path": [
						"assets"
					]
				}
			},
			"response": []
		},
		{
			"name": "Assets - Info",
			"request": {
				"method": "POST",
				"header": [],
				"body": {
					"mode": "raw",
					"raw": "{\"symbols\": [\"ITSA4.SA\", \"OIBR3.SA\"]}",
					"options": {
						"raw": {
							"language": "json"
						}
					}
				},
				"url": {
					"raw": "localhost:5003/assets/info",
					"host": [
						"localhost"
					],
					"port": "5003",
					"path": [
						"assets",
						"info"
					]
				}
			},
			"response": []
		},
		{
			"name": "Portfolio - Recommend",
			"request": {
				"method": "POST",
				"header": [],
				"body": {
					"mode": "raw",
					"raw": "{\r\n    \"portfolio_id\": 1,\r\n    \"client_ids\": [2]\r\n}",
					"options": {
						"raw": {
							"language": "json"
						}
					}
				},
				"url": {
					"raw": "localhost:5004/portfolio/recommend",
					"host": [
						"localhost"
					],
					"port": "5004",
					"path": [
						"portfolio",
						"recommend"
					]
				}
			},
			"response": []
		},
		{
			"name": "Portfolio - List",
			"request": {
				"method": "GET",
				"header": [],
				"url": {
					"raw": "localhost:5004/portfolios/2",
					"host": [
						"localhost"
					],
					"port": "5004",
					"path": [
						"portfolios",
						"2"
					]
				}
			},
			"response": []
		},
		{
			"name": "Portfolio - Create",
			"request": {
				"method": "POST",
				"header": [],
				"body": {
					"mode": "raw",
					"raw": "{\r\n    \"name\": \"Portfolio Test\",\r\n    \"amount\": 1241.204,\r\n    \"status\": 1,\r\n    \"advisor_id\": 1,\r\n    \"products\": []\r\n}",
					"options": {
						"raw": {
							"language": "json"
						}
					}
				},
				"url": {
					"raw": "localhost:5004/portfolio/create",
					"host": [
						"localhost"
					],
					"port": "5004",
					"path": [
						"portfolio",
						"create"
					]
				}
			},
			"response": []
		},
		{
			"name": "Portfolio - Read",
			"protocolProfileBehavior": {
				"disableBodyPruning": true
			},
			"request": {
				"method": "GET",
				"header": [],
				"body": {
					"mode": "file",
					"file": {}
				},
				"url": {
					"raw": "localhost:5004/portfolio/1",
					"host": [
						"localhost"
					],
					"port": "5004",
					"path": [
						"portfolio",
						"1"
					]
				}
			},
			"response": []
		},
		{
			"name": "Portfolio - Add Product",
			"request": {
				"method": "POST",
				"header": [],
				"body": {
					"mode": "raw",
					"raw": "{\r\n    \"portfolio_id\": 1,\r\n    \"products\": [\r\n        {\"id\": \"BPAC11.SA\", \"proportion\": 0.4, \"amount\": 1000}\r\n    ]\r\n}\r\n",
					"options": {
						"raw": {
							"language": "json"
						}
					}
				},
				"url": {
					"raw": "localhost:5004/product/add",
					"host": [
						"localhost"
					],
					"port": "5004",
					"path": [
						"product",
						"add"
					]
				}
			},
			"response": []
		},
		{
			"name": "Portfolio - Metrics",
			"request": {
				"method": "POST",
				"header": [],
				"body": {
					"mode": "raw",
					"raw": "{\r\n    \"id\": 1,\r\n    \"start_date\": \"2020-01-01\",\r\n    \"end_date\": \"2021-01-01\"\r\n}",
					"options": {
						"raw": {
							"language": "json"
						}
					}
				},
				"url": {
					"raw": "localhost:5004/portfolio/metrics",
					"host": [
						"localhost"
					],
					"port": "5004",
					"path": [
						"portfolio",
						"metrics"
					]
				}
			},
			"response": []
		}
	]
}